,,,,1999,,,2000,,,2001,,,2002,,,2003,,,2004,,,2005,,,2006,,,2007,,,2008,,,2009,,,2010,,,2011,,,2012,,,2013,,,2014,,,2015,,,2016,,,2017,,,2018,,,2019,,,2020,,,2021,,,2022,,,2023,,,2024,,,2025,,,전년대비율(%),,
항구명,외내항구분,수출입구분,입출항구분상세,계,적,공,계,적,공,계,적,공,계,적,공,계,적,공,계,적,공,계,적,공,계,적,공,계,적,공,계,적,공,계,적,공,계,적,공,계,적,공,계,적,공,계,적,공,계,적,공,계,적,공,계,적,공,계,적,공,계,적,공,계,적,공,계,적,공,계,적,공,계,적,공,계,적,공,계,적,공,계,적,공,증감_계,증감_적,증감_공
합계,합계,,,6684885.0,5123186.0,1561699.0,7671745.0,5893727.0,1778018.0,9622948.0,7752227.0,1870721.0,1.1348696E7,9364588.0,1984108.0,1.2464172E7,1.0123309E7,2340863.0,1.3775477E7,1.1187239E7,2588238.0,1.4452635E7,1.1663261E7,2789374.0,1.5186222E7,1.2175181E7,3011041.0,1.66622E7,1.3190235E7,3471965.0,1.6978597E7,1.3348843E7,3629754.0,1.5388645E7,1.2378952E7,3009693.0,1.818495675E7,1.45548335E7,3630123.25,2.026770725E7,1.620835525E7,4059352.0,2.118184975E7,1.7124356E7,4057493.75,2.21317305E7,1.8124354E7,4007376.5,2.33565575E7,1.909313225E7,4263425.25,2.41730555E7,1.973726325E7,4435792.25,2.438537775E7,1.9913424E7,4471953.75,2.5774921E7,2.092807975E7,4846841.25,2.719243825E7,2.23444585E7,4847979.75,2.746229175E7,2.237039825E7,5091893.5,2.725435375E7,2.2228201E7,5026152.75,2.818447075E7,2.361368425E7,4570786.5,2.7134964E7,2.243671775E7,4698246.25,2.847757375E7,2.312339225E7,5354181.5,2.996935375E7,2.4364269E7,5605084.75,3.038533075E7,2.4370574E7,6014756.75,1.3880079079116037,0.025878059382788976,7.308934980867154
,외항,합계,,6420225.0,4904545.0,1515680.0,7401407.0,5662301.0,1739106.0,9334370.0,7513302.0,1821068.0,1.1139293E7,9192614.0,1946679.0,1.2196025E7,9880855.0,2315170.0,1.3562221E7,1.1004596E7,2557625.0,1.4280033E7,1.1514743E7,2765290.0,1.5123745E7,1.2123051E7,3000694.0,1.663436E7,1.3170443E7,3463917.0,1.6959883E7,1.3333397E7,3626486.0,1.5286689E7,1.2313497E7,2973192.0,1.802480925E7,1.44549675E7,3569841.75,2.00639695E7,1.608974925E7,3974220.25,2.103430025E7,1.703637975E7,3997920.5,2.2092147E7,1.8092286E7,3999861.0,2.3345427E7,1.908374925E7,4261677.75,2.41631375E7,1.972817675E7,4434960.75,2.437612175E7,1.99048255E7,4471296.25,2.56097055E7,2.0829653E7,4780052.5,2.718454925E7,2.23368205E7,4847728.75,2.745574575E7,2.236409225E7,5091653.5,2.724514975E7,2.2220069E7,5025080.75,2.817079325E7,2.360030925E7,4570484.0,2.7119865E7,2.242296825E7,4696896.75,2.847213025E7,2.311844825E7,5353682.0,2.996935375E7,2.4364269E7,5605084.75,3.037957475E7,2.4367474E7,6012100.75,1.368801621222815,0.01315450917078742,7.2615494350910526
,,수출입,계,5557768.0,4073885.0,1483883.0,6137152.0,4452320.0,1684832.0,6224505.0,4527466.0,1697039.0,6935476.0,5153617.0,1781859.0,7597989.0,5459500.0,2138489.0,8405555.0,6065046.0,2340509.0,8751956.0,6288809.0,2463147.0,9455584.0,6717348.0,2738236.0,1.0491584E7,7422130.0,3069454.0,1.0806096E7,7655266.0,3150830.0,9590044.0,6990954.0,2599090.0,1.141369025E7,8260726.5,3152963.75,1.236503325E7,8924162.0,3440871.25,1.254892075E7,9062486.75,3486434.0,1.278964575E7,9341372.75,3448273.0,1.3380624E7,9808715.5,3571908.5,1.3463626E7,9787777.5,3675848.5,1.4081647E7,1.0224923E7,3856724.0,1.491818675E7,1.074237475E7,4175812.0,1.514321775E7,1.111333475E7,4029883.0,1.520503525E7,1.11412235E7,4063811.75,1.4785075E7,1.072555425E7,4059520.75,1.5512587E7,1.14091645E7,4103422.5,1.50044095E7,1.09537395E7,4050670.0,1.576499175E7,1.1084765E7,4680226.75,1.6114E7,1.132810175E7,4785898.25,1.59941835E7,1.122892025E7,4765263.25,-0.743555293533571,-0.8755350383395033,-0.43116253046123765
,,,수입,2758805.0,1518666.0,1240139.0,3059801.0,1721730.0,1338071.0,3137413.0,1835330.0,1302083.0,3455473.0,2226916.0,1228557.0,3832443.0,2258689.0,1573754.0,4222393.0,2462226.0,1760167.0,4424294.0,2662303.0,1761991.0,4760829.0,2950452.0,1810377.0,5295268.0,3380503.0,1914765.0,5476418.0,3526664.0,1949754.0,4783425.0,3049367.0,1734058.0,5728996.25,3589839.0,2139157.25,6264468.0,3921008.0,2343460.0,6302068.25,3920003.75,2382064.5,6396637.75,4057973.75,2338664.0,6699280.25,4455625.0,2243655.25,6805386.75,4507761.5,2297625.25,7068669.25,4742724.0,2325945.25,7427809.25,5111257.75,2316551.5,7599456.25,5316241.75,2283214.5,7630363.0,5362943.0,2267420.0,7349973.0,5263935.75,2086037.25,7794100.25,5495591.75,2298508.5,7527130.25,5374442.5,2152687.75,7869924.25,5252483.0,2617441.25,8055488.75,5437365.25,2618123.5,8006539.75,5396511.25,2610028.5,-0.6076477979067407,-0.7513565508588949,-0.3091909147906913
,,,수출,2798963.0,2555219.0,243744.0,3077351.0,2730590.0,346761.0,3087092.0,2692136.0,394956.0,3480003.0,2926701.0,553302.0,3765546.0,3200811.0,564735.0,4183162.0,3602820.0,580342.0,4327662.0,3626506.0,701156.0,4694755.0,3766896.0,927859.0,5196316.0,4041627.0,1154689.0,5329678.0,4128602.0,1201076.0,4806619.0,3941587.0,865032.0,5684694.0,4670887.5,1013806.5,6100565.25,5003154.0,1097411.25,6246852.5,5142483.0,1104369.5,6393008.0,5283399.0,1109609.0,6681343.75,5353090.5,1328253.25,6658239.25,5280016.0,1378223.25,7012977.75,5482199.0,1530778.75,7490377.5,5631117.0,1859260.5,7543761.5,5797093.0,1746668.5,7574672.25,5778280.5,1796391.75,7435102.0,5461618.5,1973483.5,7718486.75,5913572.75,1804914.0,7477279.25,5579297.0,1897982.25,7895067.5,5832282.0,2062785.5,8058511.25,5890736.5,2167774.75,7987643.75,5832409.0,2155234.75,-0.8794118144340834,-0.9901563242558864,-0.5784733861301739
,,환적,계,862457.0,830660.0,31797.0,1264255.0,1209981.0,54274.0,3109865.0,2985836.0,124029.0,4203817.0,4038997.0,164820.0,4598036.0,4421355.0,176681.0,5156666.0,4939550.0,217116.0,5528077.0,5225934.0,302143.0,5668161.0,5405703.0,262458.0,6142776.0,5748313.0,394463.0,6153787.0,5678131.0,475656.0,5696645.0,5322543.0,374102.0,6611119.0,6194241.0,416878.0,7698936.25,7165587.25,533349.0,8485379.5,7973893.0,511486.5,9302501.25,8750913.25,551588.0,9964803.0,9275033.75,689769.25,1.06995115E7,9940399.25,759112.25,1.029447475E7,9679902.5,614572.25,1.069151875E7,1.008727825E7,604240.5,1.20413315E7,1.122348575E7,817845.75,1.22507105E7,1.122286875E7,1027841.75,1.246007475E7,1.149451475E7,965560.0,1.265820625E7,1.219114475E7,467061.5,1.21154555E7,1.146922875E7,646226.75,1.27071385E7,1.203368325E7,673455.25,1.385535375E7,1.303616725E7,819186.5,1.438539125E7,1.313855375E7,1246837.5,3.8255068009360738,0.7854033937774174,52.2043515121404
,,,입항,862457.0,830660.0,31797.0,1264255.0,1209981.0,54274.0,1615101.0,1549870.0,65231.0,2164058.0,2088650.0,75408.0,2352419.0,2272963.0,79456.0,2594224.0,2481581.0,112643.0,2784224.0,2624936.0,159288.0,2858280.0,2714550.0,143730.0,3097792.0,2889673.0,208119.0,3094705.0,2839496.0,255209.0,2891948.0,2687121.0,204827.0,3363084.0,3124082.5,239001.5,3948129.5,3673804.5,274325.0,4302291.0,4014725.75,287565.25,4711494.75,4387587.25,323907.5,5011928.0,4639463.5,372464.5,5369976.0,4968909.0,401067.0,5165804.5,4837402.0,328402.5,5386530.25,5054469.25,332061.0,6060999.25,5626710.0,434289.25,6171262.25,5626649.0,544613.25,6267741.25,5767171.25,500570.0,6364842.5,6116006.25,248836.25,6029214.25,5690353.0,338861.25,6358617.5,6016697.25,341920.25,6974775.25,6548838.0,425937.25,7214004.0,6561273.25,652730.75,3.4299133868148646,0.18988483147697188,53.245753922672876
,,,출항,0.0,0.0,0.0,0.0,0.0,0.0,1494764.0,1435966.0,58798.0,2039759.0,1950347.0,89412.0,2245617.0,2148392.0,97225.0,2562442.0,2457969.0,104473.0,2743853.0,2600998.0,142855.0,2809881.0,2691153.0,118728.0,3044984.0,2858640.0,186344.0,3059082.0,2838635.0,220447.0,2804697.0,2635422.0,169275.0,3248035.0,3070158.5,177876.5,3750806.75,3491782.75,259024.0,4183088.5,3959167.25,223921.25,4591006.5,4363326.0,227680.5,4952875.0,4635570.25,317304.75,5329535.5,4971490.25,358045.25,5128670.25,4842500.5,286169.75,5304988.5,5032809.0,272179.5,5980332.25,5596775.75,383556.5,6079448.25,5596219.75,483228.5,6192333.5,5727343.5,464990.0,6293363.75,6075138.5,218225.25,6086241.25,5778875.75,307365.5,6348521.0,6016986.0,331535.0,6880578.5,6487329.25,393249.25,7171387.25,6577280.5,594106.75,4.226515982631396,1.3865682861710749,51.076384761064396
,내항,합계,,264660.0,218641.0,46019.0,270338.0,231426.0,38912.0,288578.0,238925.0,49653.0,209403.0,171974.0,37429.0,268147.0,242454.0,25693.0,213256.0,182643.0,30613.0,172602.0,148518.0,24084.0,62477.0,52130.0,10347.0,27840.0,19792.0,8048.0,18714.0,15446.0,3268.0,101956.0,65455.0,36501.0,160147.5,99866.0,60281.5,203737.75,118606.0,85131.75,147549.5,87976.25,59573.25,39583.5,32068.0,7515.5,11130.5,9383.0,1747.5,9918.0,9086.5,831.5,9256.0,8598.5,657.5,165215.5,98426.75,66788.75,7889.0,7638.0,251.0,6546.0,6306.0,240.0,9204.0,8132.0,1072.0,13677.5,13375.0,302.5,15099.0,13749.5,1349.5,5443.5,4944.0,499.5,0.0,0.0,0.0,5756.0,3100.0,2656.0,0,0,0
,,연안,계,264660.0,218641.0,46019.0,270338.0,231426.0,38912.0,288578.0,238925.0,49653.0,209403.0,171974.0,37429.0,268147.0,242454.0,25693.0,213256.0,182643.0,30613.0,172602.0,148518.0,24084.0,62477.0,52130.0,10347.0,27840.0,19792.0,8048.0,18714.0,15446.0,3268.0,101956.0,65455.0,36501.0,160147.5,99866.0,60281.5,203737.75,118606.0,85131.75,147549.5,87976.25,59573.25,39583.5,32068.0,7515.5,11130.5,9383.0,1747.5,9918.0,9086.5,831.5,9256.0,8598.5,657.5,165215.5,98426.75,66788.75,7889.0,7638.0,251.0,6546.0,6306.0,240.0,9204.0,8132.0,1072.0,13677.5,13375.0,302.5,15099.0,13749.5,1349.5,5443.5,4944.0,499.5,0.0,0.0,0.0,5756.0,3100.0,2656.0,0,0,0
,,,입항,147161.0,115625.0,31536.0,150604.0,116429.0,34175.0,163625.0,119157.0,44468.0,109312.0,84304.0,25008.0,138961.0,122031.0,16930.0,107127.0,91586.0,15541.0,86301.0,74355.0,11946.0,31270.0,26870.0,4400.0,15721.0,9514.0,6207.0,11379.0,9062.0,2317.0,47543.0,29786.0,17757.0,73538.5,39589.0,33949.5,99970.0,40985.0,58985.0,74988.25,30657.5,44330.75,19869.5,14593.5,5276.0,5366.0,3806.0,1560.0,4924.5,4093.0,831.5,4419.0,3761.5,657.5,73693.25,45648.5,28044.75,3935.0,3684.0,251.0,3274.0,3034.0,240.0,4487.5,3415.5,1072.0,4107.0,3804.5,302.5,2527.5,1241.0,1286.5,986.5,546.5,440.0,0.0,0.0,0.0,2180.0,0.0,2180.0,0,,0
,,,출항,117499.0,103016.0,14483.0,119734.0,114997.0,4737.0,124953.0,119768.0,5185.0,100091.0,87670.0,12421.0,129186.0,120423.0,8763.0,106129.0,91057.0,15072.0,86301.0,74163.0,12138.0,31207.0,25260.0,5947.0,12119.0,10278.0,1841.0,7335.0,6384.0,951.0,54413.0,35669.0,18744.0,86609.0,60277.0,26332.0,103767.75,77621.0,26146.75,72561.25,57318.75,15242.5,19714.0,17474.5,2239.5,5764.5,5577.0,187.5,4993.5,4993.5,0.0,4837.0,4837.0,0.0,91522.25,52778.25,38744.0,3954.0,3954.0,0.0,3272.0,3272.0,0.0,4716.5,4716.5,0.0,9570.5,9570.5,0.0,12571.5,12508.5,63.0,4457.0,4397.5,59.5,0.0,0.0,0.0,3576.0,3100.0,476.0,0,0,0
부산항,합계,,,5655533.0,4383346.0,1272187.0,6382737.0,4938388.0,1444349.0,8072814.0,6604965.0,1467849.0,9453356.0,7864686.0,1588670.0,1.0407809E7,8502615.0,1905194.0,1.1491968E7,9376846.0,2115122.0,1.1843151E7,9666990.0,2176161.0,1.2038786E7,9771458.0,2267328.0,1.3261484E7,1.068293E7,2578554.0,1.3452786E7,1.0728675E7,2724111.0,1.1980325E7,9844324.0,2136001.0,1.4194334E7,1.1590697E7,2603637.0,1.6184706E7,1.311845E7,3066256.0,1.704617725E7,1.396562125E7,3080556.0,1.76860985E7,1.463378025E7,3052318.25,1.868328325E7,1.544126325E7,3242020.0,1.94687245E7,1.6088514E7,3380210.5,1.945629125E7,1.612468925E7,3331602.0,2.049347525E7,1.696608875E7,3527386.5,2.1662572E7,1.8141701E7,3520871.0,2.199200025E7,1.8216096E7,3775904.25,2.1823995E7,1.8228663E7,3595332.0,2.270612975E7,1.954508725E7,3161042.5,2.20781945E7,1.87068375E7,3371357.0,2.3153508E7,1.9255342E7,3898166.0,2.440202E7,2.03439285E7,4058091.5,2.4882355E7,2.041437275E7,4467982.25,1.9684231059559743,0.3462667006522313,10.10057929940713
,외항,합계,,5526608.0,4267852.0,1258756.0,6267221.0,4823629.0,1443592.0,7953624.0,6486292.0,1467332.0,9409188.0,7821432.0,1587756.0,1.0286079E7,8384740.0,1901339.0,1.1386912E7,9286842.0,2100070.0,1.1758036E7,9594107.0,2163929.0,1.2010914E7,9748360.0,2262554.0,1.3254917E7,1.0677398E7,2577519.0,1.3445921E7,1.0722456E7,2723465.0,1.1941211E7,9815330.0,2125881.0,1.4112792E7,1.1535423E7,2577369.0,1.606059E7,1.304662E7,3013970.0,1.695568125E7,1.391551775E7,3040163.5,1.7681897E7,1.463109775E7,3050799.25,1.868328075E7,1.544126325E7,3242017.5,1.94687145E7,1.6088504E7,3380210.5,1.945629125E7,1.612468925E7,3331602.0,2.041169025E7,1.691215175E7,3499538.5,2.1662572E7,1.8141701E7,3520871.0,2.199200025E7,1.8216096E7,3775904.25,2.1823961E7,1.8228629E7,3595332.0,2.270612375E7,1.954508125E7,3161042.5,2.20767845E7,1.87060875E7,3370697.0,2.3152998E7,1.9255132E7,3897866.0,2.440202E7,2.03439285E7,4058091.5,2.4882345E7,2.041436275E7,4467982.25,1.9683821257420409,0.34621754593759935,10.10057929940713
,,수출입,계,4678191.0,3447132.0,1231059.0,5034915.0,3643166.0,1391749.0,5010641.0,3660576.0,1350065.0,5521731.0,4092709.0,1429022.0,6035003.0,4305320.0,1729683.0,6594970.0,4693529.0,1901441.0,6579238.0,4668631.0,1910607.0,6803183.0,4771652.0,2031531.0,7443750.0,5227744.0,2216006.0,7638073.0,5371763.0,2266310.0,6568726.0,4776040.0,1792686.0,7836334.0,5646675.0,2189659.0,8708051.0,6192621.0,2515430.0,8808135.5,6250422.5,2557713.0,8933444.0,6387475.0,2545969.0,9253926.0,6666985.25,2586940.75,9363396.25,6675825.5,2687570.75,9620465.25,6865236.5,2755228.75,1.01862735E7,7221548.0,2964725.5,1.0233267E7,7424025.0,2809242.0,1.035410475E7,7518788.25,2835316.5,9803835.5,7083149.75,2720685.75,1.043345125E7,7662536.5,2770914.75,1.031097375E7,7443486.5,2867487.25,1.074423525E7,7467638.25,3276597.0,1.0904836E7,7605590.5,3299245.5,1.07851435E7,7500938.75,3284204.75,-1.0976093542351295,-1.3759845471564613,-0.4558845348125784
,,,수입,2271997.0,1264986.0,1007011.0,2483753.0,1407487.0,1076266.0,2496764.0,1482229.0,1014535.0,2729332.0,1756742.0,972590.0,3029020.0,1766836.0,1262184.0,3286361.0,1836813.0,1449548.0,3309202.0,1913475.0,1395727.0,3429141.0,2033783.0,1395358.0,3752747.0,2296054.0,1456693.0,3853127.0,2393649.0,1459478.0,3266708.0,2041972.0,1224736.0,3913611.0,2378921.0,1534690.0,4402736.0,2601512.0,1801224.0,4381647.25,2537560.75,1844086.5,4424105.25,2557432.5,1866672.75,4596287.25,2800284.75,1796002.5,4713229.25,2842613.0,1870616.25,4801126.5,2888610.5,1912516.0,5042321.25,3065512.25,1976809.0,5116858.5,3149736.25,1967122.25,5191570.0,3224490.0,1967080.0,4852616.75,3058235.5,1794381.25,5207989.5,3227561.75,1980427.75,5133224.0,3191151.5,1942072.5,5330591.5,3092461.5,2238130.0,5409691.25,3190136.75,2219554.5,5362957.75,3185634.75,2177323.0,-0.8638847919463011,-0.14112247695964308,-1.902701645758187
,,,수출,2406194.0,2182146.0,224048.0,2551162.0,2235679.0,315483.0,2513877.0,2178347.0,335530.0,2792399.0,2335967.0,456432.0,3005983.0,2538484.0,467499.0,3308609.0,2856716.0,451893.0,3270036.0,2755156.0,514880.0,3374042.0,2737869.0,636173.0,3691003.0,2931690.0,759313.0,3784946.0,2978114.0,806832.0,3302018.0,2734068.0,567950.0,3922723.0,3267754.0,654969.0,4305315.0,3591109.0,714206.0,4426488.25,3712861.75,713626.5,4509338.75,3830042.5,679296.25,4657638.75,3866700.5,790938.25,4650167.0,3833212.5,816954.5,4819338.75,3976626.0,842712.75,5143952.25,4156035.75,987916.5,5116408.5,4274288.75,842119.75,5162534.75,4294298.25,868236.5,4951218.75,4024914.25,926304.5,5225461.75,4434974.75,790487.0,5177749.75,4252335.0,925414.75,5413643.75,4375176.75,1038467.0,5495144.75,4415453.75,1079691.0,5422185.75,4315304.0,1106881.75,-1.3276993294853656,-2.2681643987325195,2.51838257427357
,,환적,계,848417.0,820720.0,27697.0,1232306.0,1180463.0,51843.0,2942983.0,2825716.0,117267.0,3887457.0,3728723.0,158734.0,4251076.0,4079420.0,171656.0,4791942.0,4593313.0,198629.0,5178798.0,4925476.0,253322.0,5207731.0,4976708.0,231023.0,5811167.0,5449654.0,361513.0,5807848.0,5350693.0,457155.0,5372485.0,5039290.0,333195.0,6276458.0,5888748.0,387710.0,7352539.0,6853999.0,498540.0,8147545.75,7665095.25,482450.5,8748453.0,8243622.75,504830.25,9429354.75,8774278.0,655076.75,1.010531825E7,9412678.5,692639.75,9835826.0,9259452.75,576373.25,1.022541675E7,9690603.75,534813.0,1.1429305E7,1.0717676E7,711629.0,1.16378955E7,1.069730775E7,940587.75,1.20201255E7,1.114547925E7,874646.25,1.22726725E7,1.188254475E7,390127.75,1.176581075E7,1.1262601E7,503209.75,1.240876275E7,1.178749375E7,621269.0,1.3497184E7,1.2738338E7,758846.0,1.40972015E7,1.2913424E7,1183777.5,4.445501372730787,1.3744807211113486,55.99706659849297
,,,입항,848417.0,820720.0,27697.0,1232306.0,1180463.0,51843.0,1530131.0,1468379.0,61752.0,2003576.0,1931391.0,72185.0,2175359.0,2100534.0,74825.0,2408858.0,2306987.0,101871.0,2606154.0,2473823.0,132331.0,2620638.0,2495427.0,125211.0,2928000.0,2734443.0,193557.0,2916574.0,2672572.0,244002.0,2716694.0,2537017.0,179677.0,3183737.0,2965769.0,217968.0,3768369.0,3515147.0,253222.0,4129137.75,3857886.0,271251.75,4422695.75,4128373.5,294322.25,4736609.5,4387222.25,349387.25,5064476.75,4700712.0,363764.75,4931706.5,4625445.0,306261.5,5144179.75,4852802.0,291377.75,5737470.0,5367931.5,369538.5,5850365.75,5362149.25,488216.5,6034501.5,5587413.25,447088.25,6154475.75,5956283.5,198192.25,5845594.0,5589955.25,255638.75,6205788.5,5889097.5,316691.0,6794732.25,6397812.0,396920.25,7065085.0,6444836.25,620248.75,3.9788580337363655,0.7350051861480189,56.26533289747753
,,,출항,,,,,,,1412852.0,1357337.0,55515.0,1883881.0,1797332.0,86549.0,2075717.0,1978886.0,96831.0,2383084.0,2286326.0,96758.0,2572644.0,2451653.0,120991.0,2587093.0,2481281.0,105812.0,2883167.0,2715211.0,167956.0,2891274.0,2678121.0,213153.0,2655791.0,2502273.0,153518.0,3092721.0,2922979.0,169742.0,3584170.0,3338852.0,245318.0,4018408.0,3807209.25,211198.75,4325757.25,4115249.25,210508.0,4692745.25,4387055.75,305689.5,5040841.5,4711966.5,328875.0,4904119.5,4634007.75,270111.75,5081237.0,4837801.75,243435.25,5691835.0,5349744.5,342090.5,5787529.75,5335158.5,452371.25,5985624.0,5558066.0,427558.0,6118196.75,5926261.25,191935.5,5920216.75,5672645.75,247571.0,6202974.25,5898396.25,304578.0,6702451.75,6340526.0,361925.75,7032116.5,6468587.75,563528.75,4.9185695368862525,2.0197338517340624,55.70286170575043
,내항,합계,,128925.0,115494.0,13431.0,115516.0,114759.0,757.0,119190.0,118673.0,517.0,44168.0,43254.0,914.0,121730.0,117875.0,3855.0,105056.0,90004.0,15052.0,85115.0,72883.0,12232.0,27872.0,23098.0,4774.0,6567.0,5532.0,1035.0,6865.0,6219.0,646.0,39114.0,28994.0,10120.0,81542.0,55274.0,26268.0,124116.0,71830.0,52286.0,90496.0,50103.5,40392.5,4201.5,2682.5,1519.0,2.5,0.0,2.5,10.0,10.0,0.0,0.0,0.0,0.0,81785.0,53937.0,27848.0,0.0,0.0,0.0,0.0,0.0,0.0,34.0,34.0,0.0,6.0,6.0,0.0,1410.0,750.0,660.0,510.0,210.0,300.0,,,,10.0,10.0,0.0,0,0,
,,연안,계,128925.0,115494.0,13431.0,115516.0,114759.0,757.0,119190.0,118673.0,517.0,44168.0,43254.0,914.0,121730.0,117875.0,3855.0,105056.0,90004.0,15052.0,85115.0,72883.0,12232.0,27872.0,23098.0,4774.0,6567.0,5532.0,1035.0,6865.0,6219.0,646.0,39114.0,28994.0,10120.0,81542.0,55274.0,26268.0,124116.0,71830.0,52286.0,90496.0,50103.5,40392.5,4201.5,2682.5,1519.0,2.5,0.0,2.5,10.0,10.0,0.0,0.0,0.0,0.0,81785.0,53937.0,27848.0,0.0,0.0,0.0,0.0,0.0,0.0,34.0,34.0,0.0,6.0,6.0,0.0,1410.0,750.0,660.0,510.0,210.0,300.0,,,,10.0,10.0,0.0,0,0,
,,,입항,67816.0,66526.0,1290.0,70015.0,69462.0,553.0,74057.0,74046.0,11.0,23070.0,23057.0,13.0,65596.0,64830.0,766.0,45759.0,42956.0,2803.0,38813.0,36779.0,2034.0,13709.0,12845.0,864.0,3800.0,3679.0,121.0,4875.0,4663.0,212.0,14123.0,9749.0,4374.0,36497.0,15013.0,21484.0,57229.0,16203.0,41026.0,46866.0,15370.0,31496.0,1407.5,1389.5,18.0,2.5,0.0,2.5,10.0,10.0,0.0,0.0,0.0,0.0,30597.25,17986.25,12611.0,0.0,0.0,0.0,0.0,0.0,0.0,0.0,0.0,0.0,,,,660.0,0.0,660.0,300.0,0.0,300.0,,,,,,,,,
,,,출항,61109.0,48968.0,12141.0,45501.0,45297.0,204.0,45133.0,44627.0,506.0,21098.0,20197.0,901.0,56134.0,53045.0,3089.0,59297.0,47048.0,12249.0,46302.0,36104.0,10198.0,14163.0,10253.0,3910.0,2767.0,1853.0,914.0,1990.0,1556.0,434.0,24991.0,19245.0,5746.0,45045.0,40261.0,4784.0,66887.0,55627.0,11260.0,43630.0,34733.5,8896.5,2794.0,1293.0,1501.0,0.0,0.0,0.0,0.0,0.0,0.0,0.0,0.0,0.0,51187.75,35950.75,15237.0,0.0,0.0,0.0,0.0,0.0,0.0,34.0,34.0,0.0,6.0,6.0,0.0,750.0,750.0,0.0,210.0,210.0,0.0,,,,10.0,10.0,0.0,0,0,
인천항,합계,,,574656.0,424699.0,149957.0,611261.0,470910.0,140351.0,663042.0,509852.0,153190.0,769791.0,616301.0,153490.0,821071.0,668698.0,152373.0,934954.0,773101.0,161853.0,1148666.0,928239.0,220427.0,1377050.0,1072487.0,304563.0,1663800.0,1235396.0,428404.0,1703362.0,1295160.0,408202.0,1578003.0,1239559.0,338444.0,1902732.5,1486012.25,416720.25,1997779.0,1586849.25,410929.75,1981854.5,1565857.0,415997.5,2160797.0,1701755.5,459041.5,2334939.0,1811180.75,523758.25,2376996.25,1834662.5,542333.75,2679504.0,2020260.0,659244.0,3048233.25,2192920.25,855313.0,3121367.5,2285157.0,836210.5,3091955.0,2253698.5,838256.5,3271604.25,2335491.0,936113.25,3353606.25,2418218.5,935387.75,3192343.5,2317736.5,874607.0,3461126.5,2460936.75,1000189.75,3557283.5,2512314.0,1044969.5,3443809.5,2452639.5,991170.0,-3.1899060055236017,-2.375280319259454,-5.148427777078657
,외항,합계,,447162.0,325418.0,121744.0,483342.0,368799.0,114543.0,537786.0,416602.0,121184.0,652463.0,521098.0,131365.0,712936.0,576192.0,136744.0,833168.0,686396.0,146772.0,1062533.0,852966.0,209567.0,1344330.0,1044222.0,300108.0,1645626.0,1222227.0,423399.0,1691513.0,1285933.0,405580.0,1541823.0,1216164.0,325659.0,1858264.0,1456244.25,402019.75,1949613.25,1555519.25,394094.0,1935290.5,1532745.5,402545.0,2125715.0,1672370.0,453345.0,2323811.0,1801797.75,522013.25,2367088.25,1825586.0,541502.25,2670366.0,2011779.5,658586.5,3002783.75,2170539.25,832244.5,3113478.5,2277519.0,835959.5,3085409.0,2247392.5,838016.5,3262674.25,2327633.0,935041.25,3345409.75,2410324.5,935085.25,3188627.5,2314710.0,873917.5,3459772.0,2459781.75,999990.25,3557283.5,2512314.0,1044969.5,3443809.5,2452639.5,991170.0,-3.1899060055236017,-2.375280319259454,-5.148427777078657
,,수출입,계,447162.0,325418.0,121744.0,483342.0,368799.0,114543.0,536631.0,415546.0,121085.0,650505.0,519194.0,131311.0,709932.0,573188.0,136744.0,828404.0,681694.0,146710.0,1056054.0,846491.0,209563.0,1331440.0,1031970.0,299470.0,1627640.0,1205267.0,422373.0,1667532.0,1263311.0,404221.0,1523245.0,1198280.0,324965.0,1837595.5,1437171.75,400423.75,1931417.75,1538635.75,392782.0,1919789.0,1517961.0,401828.0,2108145.0,1655964.0,452181.0,2307146.5,1787503.25,519643.25,2350266.25,1809418.0,540848.25,2654697.0,1996259.5,658437.5,2978309.75,2148737.75,829572.0,3087101.5,2256101.0,831000.5,3052444.0,2217531.5,834912.5,3193238.0,2264146.75,929091.25,3291100.5,2366180.25,924920.25,3116838.5,2274708.0,842130.5,3412191.5,2417529.25,994662.25,3508098.5,2472100.5,1035998.0,3404537.75,2421281.75,983256.0,-2.952047954183723,-2.055691101555135,-5.090936468989327
,,,수입,251979.0,136066.0,115913.0,273701.0,172579.0,101122.0,307519.0,210870.0,96649.0,358798.0,287764.0,71034.0,392464.0,318168.0,74296.0,451311.0,405151.0,46160.0,558262.0,514112.0,44150.0,694650.0,655487.0,39163.0,834371.0,781201.0,53170.0,857353.0,809420.0,47933.0,784662.0,729921.0,54741.0,949036.5,882177.5,66859.0,1005766.75,961579.75,44187.0,1004858.0,954140.0,50718.0,1112535.5,1041554.75,70980.75,1203161.0,1154823.75,48337.25,1223843.5,1197381.0,26462.5,1373666.5,1327849.75,45816.75,1527743.5,1476803.5,50940.0,1586774.0,1550071.75,36702.25,1565392.75,1548072.0,17320.75,1622899.75,1606208.75,16691.0,1688952.5,1668656.25,20296.25,1592991.0,1563259.75,29731.25,1737018.5,1595567.75,141450.75,1771479.5,1652457.5,119022.0,1727919.5,1588501.25,139418.25,-2.4589615629195816,-3.870371855251953,17.136537782930894
,,,수출,195183.0,189352.0,5831.0,209641.0,196220.0,13421.0,229112.0,204676.0,24436.0,291707.0,231430.0,60277.0,317468.0,255020.0,62448.0,377093.0,276543.0,100550.0,497792.0,332379.0,165413.0,636790.0,376483.0,260307.0,793269.0,424066.0,369203.0,810179.0,453891.0,356288.0,738583.0,468359.0,270224.0,888559.0,554994.25,333564.75,925651.0,577056.0,348595.0,914931.0,563821.0,351110.0,995609.5,614409.25,381200.25,1103985.5,632679.5,471306.0,1126422.75,612037.0,514385.75,1281030.5,668409.75,612620.75,1450566.25,671934.25,778632.0,1500327.5,706029.25,794298.25,1487051.25,669459.5,817591.75,1570338.25,657938.0,912400.25,1602148.0,697524.0,904624.0,1523847.5,711448.25,812399.25,1675173.0,821961.5,853211.5,1736619.0,819643.0,916976.0,1676618.25,832780.5,843837.75,-3.4550324509866615,1.6028319646480327,-7.97602663537541
,,환적,계,0.0,0.0,0.0,0.0,0.0,0.0,1155.0,1056.0,99.0,1958.0,1904.0,54.0,3004.0,3004.0,0.0,4764.0,4702.0,62.0,6479.0,6475.0,4.0,12890.0,12252.0,638.0,17986.0,16960.0,1026.0,23981.0,22622.0,1359.0,18578.0,17884.0,694.0,20668.5,19072.5,1596.0,18195.5,16883.5,1312.0,15501.5,14784.5,717.0,17570.0,16406.0,1164.0,16664.5,14294.5,2370.0,16822.0,16168.0,654.0,15669.0,15520.0,149.0,24474.0,21801.5,2672.5,26377.0,21418.0,4959.0,32965.0,29861.0,3104.0,69436.25,63486.25,5950.0,54309.25,44144.25,10165.0,71789.0,40002.0,31787.0,47580.5,42252.5,5328.0,49185.0,40213.5,8971.5,39271.75,31357.75,7914.0,-20.155026939107458,-22.02183346388651,-11.787326534024412
,,,입항,0.0,0.0,0.0,0.0,0.0,0.0,1148.0,1049.0,99.0,1737.0,1683.0,54.0,2362.0,2362.0,0.0,3647.0,3585.0,62.0,5153.0,5151.0,2.0,9980.0,9664.0,316.0,13343.0,12846.0,497.0,18979.0,18138.0,841.0,15293.0,14877.0,416.0,15737.5,14905.5,832.0,12383.5,11711.5,672.0,10522.5,10237.5,285.0,12190.25,11479.25,711.0,10337.0,10145.0,192.0,11514.0,11056.0,458.0,11291.0,11215.0,76.0,16519.5,14602.5,1917.0,15742.0,13122.0,2620.0,19370.0,17808.0,1562.0,38382.75,35115.75,3267.0,28737.0,23670.0,5067.0,37421.0,21809.0,15612.0,27011.5,24035.5,2976.0,27918.5,23300.5,4618.0,24649.25,19620.25,5029.0,-11.709977255225034,-15.794725435076495,8.89995669120831
,,,출항,0.0,0.0,0.0,0.0,0.0,0.0,7.0,7.0,0.0,221.0,221.0,0.0,642.0,642.0,0.0,1117.0,1117.0,0.0,1326.0,1324.0,2.0,2910.0,2588.0,322.0,4643.0,4114.0,529.0,5002.0,4484.0,518.0,3285.0,3007.0,278.0,4931.0,4167.0,764.0,5812.0,5172.0,640.0,4979.0,4547.0,432.0,5379.75,4926.75,453.0,6327.5,4149.5,2178.0,5308.0,5112.0,196.0,4378.0,4305.0,73.0,7954.5,7199.0,755.5,10635.0,8296.0,2339.0,13595.0,12053.0,1542.0,31053.5,28370.5,2683.0,25572.25,20474.25,5098.0,34368.0,18193.0,16175.0,20569.0,18217.0,2352.0,21266.5,16913.0,4353.5,14622.5,11737.5,2885.0,-31.241624150659487,-30.600721338615266,-33.73148041805444
,내항,합계,,127494.0,99281.0,28213.0,127919.0,102111.0,25808.0,125256.0,93250.0,32006.0,117328.0,95203.0,22125.0,108135.0,92506.0,15629.0,101786.0,86705.0,15081.0,86133.0,75273.0,10860.0,32720.0,28265.0,4455.0,18174.0,13169.0,5005.0,11849.0,9227.0,2622.0,36180.0,23395.0,12785.0,44468.5,29768.0,14700.5,48165.75,31330.0,16835.75,46564.0,33111.5,13452.5,35082.0,29385.5,5696.5,11128.0,9383.0,1745.0,9908.0,9076.5,831.5,9138.0,8480.5,657.5,45449.5,22381.0,23068.5,7889.0,7638.0,251.0,6546.0,6306.0,240.0,8930.0,7858.0,1072.0,8196.5,7894.0,302.5,3716.0,3026.5,689.5,1354.5,1155.0,199.5,0.0,0.0,0.0,0.0,0.0,0.0,,,
,,연안,계,127494.0,99281.0,28213.0,127919.0,102111.0,25808.0,125256.0,93250.0,32006.0,117328.0,95203.0,22125.0,108135.0,92506.0,15629.0,101786.0,86705.0,15081.0,86133.0,75273.0,10860.0,32720.0,28265.0,4455.0,18174.0,13169.0,5005.0,11849.0,9227.0,2622.0,36180.0,23395.0,12785.0,44468.5,29768.0,14700.5,48165.75,31330.0,16835.75,46564.0,33111.5,13452.5,35082.0,29385.5,5696.5,11128.0,9383.0,1745.0,9908.0,9076.5,831.5,9138.0,8480.5,657.5,45449.5,22381.0,23068.5,7889.0,7638.0,251.0,6546.0,6306.0,240.0,8930.0,7858.0,1072.0,8196.5,7894.0,302.5,3716.0,3026.5,689.5,1354.5,1155.0,199.5,0.0,0.0,0.0,0.0,0.0,0.0,,,
,,,입항,75710.0,49063.0,26647.0,69183.0,45546.0,23637.0,71582.0,41358.0,30224.0,66157.0,50784.0,15373.0,57780.0,46501.0,11279.0,59282.0,46988.0,12294.0,46374.0,37214.0,9160.0,16457.0,13621.0,2836.0,8822.0,4744.0,4078.0,6504.0,4399.0,2105.0,20821.0,14925.0,5896.0,20921.5,16386.0,4535.5,27162.0,15854.0,11308.0,22340.0,12806.5,9533.5,18162.0,13204.0,4958.0,5363.5,3806.0,1557.5,4914.5,4083.0,831.5,4419.0,3761.5,657.5,15366.5,15162.0,204.5,3935.0,3684.0,251.0,3274.0,3034.0,240.0,4487.5,3415.5,1072.0,4107.0,3804.5,302.5,1867.5,1241.0,626.5,686.5,546.5,140.0,0.0,0.0,0.0,0.0,0.0,0.0,,,
,,,출항,51784.0,50218.0,1566.0,58736.0,56565.0,2171.0,53674.0,51892.0,1782.0,51171.0,44419.0,6752.0,50355.0,46005.0,4350.0,42504.0,39717.0,2787.0,39759.0,38059.0,1700.0,16263.0,14644.0,1619.0,9352.0,8425.0,927.0,5345.0,4828.0,517.0,15359.0,8470.0,6889.0,23547.0,13382.0,10165.0,21003.75,15476.0,5527.75,24224.0,20305.0,3919.0,16920.0,16181.5,738.5,5764.5,5577.0,187.5,4993.5,4993.5,0.0,4719.0,4719.0,0.0,30083.0,7219.0,22864.0,3954.0,3954.0,0.0,3272.0,3272.0,0.0,4442.5,4442.5,0.0,4089.5,4089.5,0.0,1848.5,1785.5,63.0,668.0,608.5,59.5,0.0,0.0,0.0,0.0,0.0,0.0,,,
광양항,합계,,,454696.0,315141.0,139555.0,677747.0,484429.0,193318.0,887092.0,637410.0,249682.0,1125549.0,883601.0,241948.0,1235292.0,951996.0,283296.0,1348555.0,1037292.0,311263.0,1460818.0,1068032.0,392786.0,1770386.0,1331236.0,439150.0,1736916.0,1271909.0,465007.0,1822449.0,1325008.0,497441.0,1830317.0,1295069.0,535248.0,2087890.25,1478124.25,609766.0,2085222.25,1503056.0,582166.25,2153818.0,1592877.75,560940.25,2284835.0,1788818.25,496016.75,2338335.25,1840688.25,497647.0,2327334.75,1814086.75,513248.0,2249582.5,1768474.75,481107.75,2233212.5,1769070.75,464141.75,2408498.75,1917600.5,490898.25,2378336.5,1900603.75,477732.75,2158754.5,1664047.0,494707.5,2124734.75,1650378.5,474356.25,1864426.0,1412143.75,452282.25,1862939.25,1407113.5,455825.75,2010050.25,1508026.5,502023.75,2059166.25,1503561.75,555604.5,2.4435210015272046,-0.2960657521601906,10.672951229896999
,외항,합계,,446455.0,311275.0,135180.0,650844.0,469873.0,180971.0,842960.0,610408.0,232552.0,1077642.0,850084.0,227558.0,1197010.0,919923.0,277087.0,1342141.0,1031358.0,310783.0,1459464.0,1067670.0,391794.0,1768501.0,1330469.0,438032.0,1733817.0,1270818.0,462999.0,1822449.0,1325008.0,497441.0,1803655.0,1282003.0,521652.0,2053753.25,1463300.25,590453.0,2053766.25,1487610.0,566156.25,2143328.5,1588116.5,555212.0,2284535.0,1788818.25,495716.75,2338335.25,1840688.25,497647.0,2327334.75,1814086.75,513248.0,2249464.5,1768356.75,481107.75,2195231.5,1746962.0,448269.5,2408498.75,1917600.5,490898.25,2378336.5,1900603.75,477732.75,2158514.5,1663807.0,494707.5,2119259.75,1644903.5,474356.25,1854453.0,1402170.75,452282.25,1859360.25,1403534.5,455825.75,2010050.25,1508026.5,502023.75,2053420.25,1500471.75,552948.5,2.157657501348531,-0.5009693132050352,10.143892594722859
,,수출입,계,432415.0,301335.0,131080.0,618895.0,440355.0,178540.0,677233.0,451344.0,225889.0,763240.0,541714.0,221526.0,853054.0,580992.0,272062.0,982181.0,689823.0,292358.0,1116664.0,773687.0,342977.0,1320961.0,913726.0,407235.0,1420194.0,989119.0,431075.0,1500491.0,1020192.0,480299.0,1498073.0,1016634.0,481439.0,1739760.75,1176879.75,562881.0,1725564.5,1192905.25,532659.25,1820996.25,1294103.25,526893.0,1748056.75,1297933.75,450123.0,1819551.5,1354227.0,465324.5,1749963.5,1302534.0,447429.5,1806484.75,1363427.0,443057.75,1753603.5,1372089.0,381514.5,1822849.25,1433208.75,389640.5,1798486.5,1404903.75,393582.75,1788001.5,1378257.75,409743.75,1788035.25,1380447.75,407587.5,1576597.25,1235545.0,341052.25,1608565.0,1199597.5,408967.5,1701065.5,1250410.75,450654.75,1804502.25,1306699.75,497802.5,6.0807035355193495,4.501640760845982,10.46205548704413
,,,수입,234829.0,117614.0,117215.0,302347.0,141664.0,160683.0,333130.0,142231.0,190899.0,367343.0,182410.0,184933.0,410959.0,173685.0,237274.0,484721.0,220262.0,264459.0,556830.0,234716.0,322114.0,637038.0,261182.0,375856.0,708150.0,303248.0,404902.0,765938.0,323595.0,442343.0,732055.0,277474.0,454581.0,866348.75,328740.5,537608.25,855965.25,357916.25,498049.0,915563.0,428303.0,487260.0,859997.0,458986.5,401010.5,899832.0,500516.5,399315.5,868314.0,467767.5,400546.5,893876.25,526263.75,367612.5,857744.5,568942.0,288802.5,895823.75,616433.75,279390.0,873400.25,590381.0,283019.25,874456.5,599491.5,274965.0,897158.25,599373.75,297784.5,800915.25,620031.25,180884.0,802314.25,564453.75,237860.5,874318.0,594771.0,279547.0,915662.5,622375.25,293287.25,4.728771453864611,4.6411560079425485,4.915184208737711
,,,수출,197586.0,183721.0,13865.0,316548.0,298691.0,17857.0,344103.0,309113.0,34990.0,395897.0,359304.0,36593.0,442095.0,407307.0,34788.0,497460.0,469561.0,27899.0,559834.0,538971.0,20863.0,683923.0,652544.0,31379.0,712044.0,685871.0,26173.0,734553.0,696597.0,37956.0,766018.0,739160.0,26858.0,873412.0,848139.25,25272.75,869599.25,834989.0,34610.25,905433.25,865800.25,39633.0,888059.75,838947.25,49112.5,919719.5,853710.5,66009.0,881649.5,834766.5,46883.0,912608.5,837163.25,75445.25,895859.0,803147.0,92712.0,927025.5,816775.0,110250.5,925086.25,814522.75,110563.5,913545.0,778766.25,134778.75,890877.0,781074.0,109803.0,775682.0,615513.75,160168.25,806250.75,635143.75,171107.0,826747.5,655639.75,171107.75,888839.75,684324.5,204515.25,7.510424887888978,4.375077929609983,19.524247148361184
,,환적,계,14040.0,9940.0,4100.0,31949.0,29518.0,2431.0,165727.0,159064.0,6663.0,314402.0,308370.0,6032.0,343956.0,338931.0,5025.0,359960.0,341535.0,18425.0,342800.0,293983.0,48817.0,447540.0,416743.0,30797.0,313623.0,281699.0,31924.0,321958.0,304816.0,17142.0,305582.0,265369.0,40213.0,313992.5,286420.5,27572.0,328201.75,294704.75,33497.0,322332.25,294013.25,28319.0,536478.25,490884.5,45593.75,518783.75,486461.25,32322.5,577371.25,511552.75,65818.5,442979.75,404929.75,38050.0,441628.0,374873.0,66755.0,585649.5,484391.75,101257.75,579850.0,495700.0,84150.0,370513.0,285549.25,84963.75,331224.5,264455.75,66768.75,277855.75,166625.75,111230.0,250795.25,203937.0,46858.25,308984.75,257615.75,51369.0,248918.0,193772.0,55146.0,-19.440037089209095,-24.782549203610415,7.352683525083226
,,,입항,14040.0,9940.0,4100.0,31949.0,29518.0,2431.0,83822.0,80442.0,3380.0,158745.0,155576.0,3169.0,174698.0,170067.0,4631.0,181719.0,171009.0,10710.0,172917.0,145962.0,26955.0,227662.0,209459.0,18203.0,156449.0,142384.0,14065.0,159152.0,148786.0,10366.0,159961.0,135227.0,24734.0,163609.5,143408.0,20201.5,167377.0,146946.0,20431.0,162630.75,146602.25,16028.5,276608.75,247734.5,28874.25,264981.5,242096.25,22885.25,293985.25,257141.0,36844.25,222807.0,200742.0,22065.0,225831.0,187064.75,38766.25,307787.25,245656.5,62130.75,301526.5,246691.75,54834.75,194857.0,144642.25,50214.75,181629.75,136052.75,45577.0,146199.25,78588.75,67610.5,125817.5,103564.25,22253.25,152124.5,127725.5,24399.0,124269.75,96816.75,27453.0,-18.31049567952565,-24.199357215278074,12.516906430591423
,,,출항,0.0,0.0,0.0,,,,81905.0,78622.0,3283.0,155657.0,152794.0,2863.0,169258.0,168864.0,394.0,178241.0,170526.0,7715.0,169883.0,148021.0,21862.0,219878.0,207284.0,12594.0,157174.0,139315.0,17859.0,162806.0,156030.0,6776.0,145621.0,130142.0,15479.0,150383.0,143012.5,7370.5,160824.75,147758.75,13066.0,159701.5,147411.0,12290.5,259869.5,243150.0,16719.5,253802.25,244365.0,9437.25,283386.0,254411.75,28974.25,220172.75,204187.75,15985.0,215797.0,187808.25,27988.75,277862.25,238735.25,39127.0,278323.5,249008.25,29315.25,175656.0,140907.0,34749.0,149594.75,128403.0,21191.75,131656.5,88037.0,43619.5,124977.75,100372.75,24605.0,156860.25,129890.25,26970.0,124648.25,96955.25,27693.0,-20.535476642425344,-25.356021718335285,2.6807563959955427
,내항,합계,,8241.0,3866.0,4375.0,26903.0,14556.0,12347.0,44132.0,27002.0,17130.0,47907.0,33517.0,14390.0,38282.0,32073.0,6209.0,6414.0,5934.0,480.0,1354.0,362.0,992.0,1885.0,767.0,1118.0,3099.0,1091.0,2008.0,,,,26662.0,13066.0,13596.0,34137.0,14824.0,19313.0,31456.0,15446.0,16010.0,10489.5,4761.25,5728.25,300.0,0.0,300.0,0.0,0.0,0.0,0.0,0.0,0.0,118.0,118.0,0.0,37981.0,22108.75,15872.25,0.0,0.0,0.0,0.0,0.0,0.0,240.0,240.0,0.0,5475.0,5475.0,0.0,9973.0,9973.0,0.0,3579.0,3579.0,0.0,,,,5746.0,3090.0,2656.0,0,0,0
,,연안,계,8241.0,3866.0,4375.0,26903.0,14556.0,12347.0,44132.0,27002.0,17130.0,47907.0,33517.0,14390.0,38282.0,32073.0,6209.0,6414.0,5934.0,480.0,1354.0,362.0,992.0,1885.0,767.0,1118.0,3099.0,1091.0,2008.0,,,,26662.0,13066.0,13596.0,34137.0,14824.0,19313.0,31456.0,15446.0,16010.0,10489.5,4761.25,5728.25,300.0,0.0,300.0,0.0,0.0,0.0,0.0,0.0,0.0,118.0,118.0,0.0,37981.0,22108.75,15872.25,0.0,0.0,0.0,0.0,0.0,0.0,240.0,240.0,0.0,5475.0,5475.0,0.0,9973.0,9973.0,0.0,3579.0,3579.0,0.0,,,,5746.0,3090.0,2656.0,0,0,0
,,,입항,3635.0,36.0,3599.0,11406.0,1421.0,9985.0,17986.0,3753.0,14233.0,20085.0,10463.0,9622.0,15585.0,10700.0,4885.0,2086.0,1642.0,444.0,1114.0,362.0,752.0,1104.0,404.0,700.0,3099.0,1091.0,2008.0,,,,12599.0,5112.0,7487.0,16120.0,8190.0,7930.0,15579.0,8928.0,6651.0,5782.25,2481.0,3301.25,300.0,0.0,300.0,0.0,0.0,0.0,0.0,0.0,0.0,0.0,0.0,0.0,27729.5,12500.25,15229.25,0.0,0.0,0.0,0.0,0.0,0.0,0.0,0.0,0.0,,,,,,,,,,,,,2180.0,0.0,2180.0,0,,0
,,,출항,4606.0,3830.0,776.0,15497.0,13135.0,2362.0,26146.0,23249.0,2897.0,27822.0,23054.0,4768.0,22697.0,21373.0,1324.0,4328.0,4292.0,36.0,240.0,0.0,240.0,781.0,363.0,418.0,,,,,,,14063.0,7954.0,6109.0,18017.0,6634.0,11383.0,15877.0,6518.0,9359.0,4707.25,2280.25,2427.0,0.0,0.0,0.0,0.0,0.0,0.0,0.0,0.0,0.0,118.0,118.0,0.0,10251.5,9608.5,643.0,0.0,0.0,0.0,0.0,0.0,0.0,240.0,240.0,0.0,5475.0,5475.0,0.0,9973.0,9973.0,0.0,3579.0,3579.0,0.0,,,,3566.0,3090.0,476.0,0,0,0
